trafics de marchandises en 1988. - Temis - Ministère de l'Environnement, de l'Énergie et de la Mer.pdf;1988
3099 fret express 1990.pdf;1990
322 secu routiere 1989.pdf;1989
3691 GDR distrib UK 1988.pdf;3691
3698 étude cabotage 1989.pdf;1988
3745 fruits légumes UK 1988.pdf;1988
6741 intervention 1979.pdf;1979
6742 économétrie fer 1981.pdf;1981
Autre regard pas tlf 2006.pdf;2006
Compétitivité 1998.pdf;1998
Étude lorraine NETR 2006.pdf;2006
NS_001_2 marc 1987.pdf;1987
NS_002_1 grèves 1987.pdf;1987
NS_004_1 tri 1987.pdf;1987
NS_004_5 parts modales 1987.pdf;1987
NS_006_4 combiné 1987.pdf;1987
NS_007_2 prix tram 1987.pdf;1987
NS_008_1 golfe 1987.pdf;1987
NS_008_3 Espagne 1987.pdf;1987
NS_009_italie  1987.pdf;1987
NS_010_1 monde 1987.pdf;1987
NS_011_2 parts marché 1987.pdf;1987
NS_014_2 prix tram 1988.pdf;1988
NS_015_2 tram UE 10 1988.pdf;1988
NS_016_6 conj 87 1988.pdf;1988
NS_018_3 restructurations 1988.pdf;1988
NS_018_5 transport insulaire 1988.pdf;1988
NS_021_2 croissance 1988.pdf;1988
NS_022_1 marc 89 1988.pdf;1988
NS_022_3 TFL licence UK 1989.pdf;1989
NS_023_6 integrators 1989.pdf;1989
NS_025_2 plan 1989.pdf;1989
NS_026_4 cabotage 0 1989.pdf;1989
NS_027_2 cabotage 1 1989.pdf;1989
NS_027_7 corse 1989.pdf;1989
NS_028_3 cabotage 1989.pdf;1989
NS_029_6 Chine 1989.pdf;1989
NS_030_1 autocars 1989.pdf;1989
NS_031_3 express vision UK 1989.pdf;1989
NS_032_6 express Espagne 1989.pdf;1989
NS_033_3 fret 1989.pdf;1989
NS_035_1 match 1990.pdf;1990
NS_036_4 frigo 1990.pdf;1990
NS_038_8 financement 1990.pdf;1990
NS_040_7 prix route 1990.pdf;1990
NS_042_1golfe 1990.pdf;1990
NS_047_4 métropole 1991.pdf;1991
NS_052_5 urss1991.pdf;1991
NS_055_5 TGV nord 1991.pdf;1991
NS_056_2 routier 1993.pdf;1993
Prédit ruptures 2000.pdf;2000
PS CNT Rapport Eco officiel 2000.pdf;2000