date_maj;origin;dest;horizon;date_cible;lowest_price;price_level;typical_min;typical_max;devise
2026-09-07;LYS;CLY;J120;2027-01-05;203;;;;EUR
2026-09-07;LYS;CLY;J90;2026-12-06;150;bas;195;465;EUR
2026-09-07;LYS;CLY;J60;2026-11-06;219;normal;180;365;EUR
2026-09-07;LYS;CLY;J30;2026-10-07;288;normal;180;390;EUR
2026-09-07;LYS;CLY;J7;2026-09-14;396;;;;EUR
2026-09-07;CLY;LYS;J120;2027-01-05;195;normal;125;330;EUR
2026-09-07;CLY;LYS;J90;2026-12-06;214;normal;175;375;EUR
2026-09-07;CLY;LYS;J60;2026-11-06;242;normal;145;375;EUR
2026-09-07;CLY;LYS;J30;2026-10-07;373;élevé;185;330;EUR
2026-09-07;CLY;LYS;J7;2026-09-14;393;élevé;185;345;EUR
2026-09-07;NCE;CLY;J120;2027-01-05;123;normal;80;235;EUR
2026-09-07;NCE;CLY;J90;2026-12-06;123;normal;75;255;EUR
2026-09-07;NCE;CLY;J60;2026-11-06;136;normal;75;240;EUR
2026-09-07;NCE;CLY;J30;2026-10-07;149;normal;115;240;EUR
2026-09-07;NCE;CLY;J7;2026-09-14;260;élevé;120;240;EUR
2026-09-07;CLY;NCE;J120;2027-01-05;130;normal;80;250;EUR
2026-09-07;CLY;NCE;J90;2026-12-06;133;normal;80;265;EUR
2026-09-07;CLY;NCE;J60;2026-11-06;133;normal;80;255;EUR
2026-09-07;CLY;NCE;J30;2026-10-07;159;normal;140;250;EUR
2026-09-07;CLY;NCE;J7;2026-09-14;270;élevé;145;240;EUR
2026-09-07;MRS;CLY;J120;2027-01-05;75;bas;80;225;EUR
2026-09-07;MRS;CLY;J90;2026-12-06;76;normal;75;300;EUR
2026-09-07;MRS;CLY;J60;2026-11-06;198;normal;75;255;EUR
2026-09-07;MRS;CLY;J30;2026-10-07;148;normal;115;240;EUR
2026-09-07;MRS;CLY;J7;2026-09-14;259;élevé;135;240;EUR
2026-09-07;CLY;MRS;J120;2027-01-05;133;normal;80;260;EUR
2026-09-07;CLY;MRS;J90;2026-12-06;146;normal;80;275;EUR
2026-09-07;CLY;MRS;J60;2026-11-06;133;normal;80;265;EUR
2026-09-07;CLY;MRS;J30;2026-10-07;159;normal;140;270;EUR
2026-09-07;CLY;MRS;J7;2026-09-14;270;normal;130;270;EUR
2026-09-07;CDG;CLY;J120;2027-01-05;195;normal;175;455;EUR
2026-09-07;CDG;CLY;J90;2026-12-06;195;normal;190;455;EUR
2026-09-07;CDG;CLY;J60;2026-11-06;295;normal;170;350;EUR
2026-09-07;CDG;CLY;J30;2026-10-07;295;normal;190;350;EUR
2026-09-07;CDG;CLY;J7;2026-09-14;377;élevé;195;335;EUR
2026-09-07;CLY;CDG;J120;2027-01-05;222;normal;175;455;EUR
2026-09-07;CLY;CDG;J90;2026-12-06;222;normal;190;455;EUR
2026-09-07;CLY;CDG;J60;2026-11-06;223;normal;170;455;EUR
2026-09-07;CLY;CDG;J30;2026-10-07;195;bas;215;380;EUR
2026-09-07;CLY;CDG;J7;2026-09-14;442;élevé;220;380;EUR
2026-09-07;ORY;CLY;J120;2027-01-05;81;bas;85;260;EUR
2026-09-07;ORY;CLY;J90;2026-12-06;80;;;;EUR
2026-09-07;ORY;CLY;J60;2026-11-06;138;;;;EUR
2026-09-07;ORY;CLY;J30;2026-10-07;154;normal;130;305;EUR
2026-09-07;ORY;CLY;J7;2026-09-14;281;élevé;125;280;EUR
2026-09-07;CLY;ORY;J120;2027-01-05;118;normal;90;290;EUR
2026-09-07;CLY;ORY;J90;2026-12-06;80;;;;EUR
2026-09-07;CLY;ORY;J60;2026-11-06;118;normal;110;260;EUR
2026-09-07;CLY;ORY;J30;2026-10-07;411;élevé;150;350;EUR
2026-09-07;CLY;ORY;J7;2026-09-14;284;normal;175;310;EUR
2026-09-07;TLS;FSC;J120;2027-01-05;163;;;;EUR
2026-09-07;TLS;FSC;J90;2026-12-06;134;bas;135;435;EUR
2026-09-07;TLS;FSC;J60;2026-11-06;134;normal;105;390;EUR
2026-09-07;TLS;FSC;J30;2026-10-07;366;élevé;100;290;EUR
2026-09-07;TLS;FSC;J7;2026-09-14;409;;;;EUR
2026-09-07;FSC;TLS;J120;2027-01-05;266;;;;EUR
2026-09-07;FSC;TLS;J90;2026-12-06;149;normal;145;400;EUR
2026-09-07;FSC;TLS;J60;2026-11-06;181;normal;135;400;EUR
2026-09-07;FSC;TLS;J30;2026-10-07;269;normal;140;370;EUR
2026-09-07;FSC;TLS;J7;2026-09-14;359;normal;210;390;EUR
2026-09-07;LYS;FSC;J120;2027-01-05;203;;;;EUR
2026-09-07;LYS;FSC;J90;2026-12-06;150;normal;145;375;EUR
2026-09-07;LYS;FSC;J60;2026-11-06;151;normal;115;335;EUR
2026-09-07;LYS;FSC;J30;2026-10-07;201;;;;EUR
2026-09-07;LYS;FSC;J7;2026-09-14;49;bas;65;235;EUR
2026-09-07;FSC;LYS;J120;2027-01-05;215;normal;125;295;EUR
2026-09-07;FSC;LYS;J90;2026-12-06;163;normal;160;345;EUR
2026-09-07;FSC;LYS;J60;2026-11-06;190;;;;EUR
2026-09-07;FSC;LYS;J30;2026-10-07;215;;;;EUR
2026-09-07;FSC;LYS;J7;2026-09-14;153;normal;135;330;EUR
2026-09-07;NCE;FSC;J120;2027-01-05;123;normal;80;240;EUR
2026-09-07;NCE;FSC;J90;2026-12-06;123;normal;75;265;EUR
2026-09-07;NCE;FSC;J60;2026-11-06;136;normal;75;245;EUR
2026-09-07;NCE;FSC;J30;2026-10-07;149;normal;110;225;EUR
2026-09-07;NCE;FSC;J7;2026-09-14;260;élevé;130;240;EUR
2026-09-07;FSC;NCE;J120;2027-01-05;128;normal;80;245;EUR
2026-09-07;FSC;NCE;J90;2026-12-06;131;normal;80;255;EUR
2026-09-07;FSC;NCE;J60;2026-11-06;144;normal;80;250;EUR
2026-09-07;FSC;NCE;J30;2026-10-07;157;normal;140;240;EUR
2026-09-07;FSC;NCE;J7;2026-09-14;268;élevé;160;265;EUR
2026-09-07;MRS;FSC;J120;2027-01-05;76;bas;80;245;EUR
2026-09-07;MRS;FSC;J90;2026-12-06;76;bas;90;285;EUR
2026-09-07;MRS;FSC;J60;2026-11-06;122;normal;75;260;EUR
2026-09-07;MRS;FSC;J30;2026-10-07;148;normal;115;240;EUR
2026-09-07;MRS;FSC;J7;2026-09-14;233;normal;120;235;EUR
2026-09-07;FSC;MRS;J120;2027-01-05;80;normal;80;245;EUR
2026-09-07;FSC;MRS;J90;2026-12-06;165;normal;80;260;EUR
2026-09-07;FSC;MRS;J60;2026-11-06;131;normal;80;265;EUR
2026-09-07;FSC;MRS;J30;2026-10-07;157;normal;130;260;EUR
2026-09-07;FSC;MRS;J7;2026-09-14;268;élevé;140;260;EUR
2026-09-07;CDG;FSC;J120;2027-01-05;219;;;;EUR
2026-09-07;CDG;FSC;J90;2026-12-06;195;normal;195;470;EUR
2026-09-07;CDG;FSC;J60;2026-11-06;291;;;;EUR
2026-09-07;CDG;FSC;J30;2026-10-07;219;;;;EUR
2026-09-07;CDG;FSC;J7;2026-09-14;284;normal;75;335;EUR
2026-09-07;FSC;CDG;J120;2027-01-05;189;;;;EUR
2026-09-07;FSC;CDG;J90;2026-12-06;217;;;;EUR
2026-09-07;FSC;CDG;J60;2026-11-06;221;normal;175;465;EUR
2026-09-07;FSC;CDG;J30;2026-10-07;254;normal;135;360;EUR
2026-09-07;FSC;CDG;J7;2026-09-14;281;normal;155;355;EUR
2026-09-07;ORY;FSC;J120;2027-01-05;81;bas;110;260;EUR
2026-09-07;ORY;FSC;J90;2026-12-06;80;;;;EUR
2026-09-07;ORY;FSC;J60;2026-11-06;81;bas;105;255;EUR
2026-09-07;ORY;FSC;J30;2026-10-07;154;normal;125;280;EUR
2026-09-07;ORY;FSC;J7;2026-09-14;281;élevé;135;280;EUR
2026-09-07;FSC;ORY;J120;2027-01-05;155;normal;115;260;EUR
2026-09-07;FSC;ORY;J90;2026-12-06;80;;;;EUR
2026-09-07;FSC;ORY;J60;2026-11-06;81;bas;120;325;EUR
2026-09-07;FSC;ORY;J30;2026-10-07;155;normal;125;295;EUR
2026-09-07;FSC;ORY;J7;2026-09-14;285;normal;170;345;EUR
2026-09-07;TLS;BIA;J120;2027-01-05;50;bas;110;225;EUR
2026-09-07;TLS;BIA;J90;2026-12-06;90;bas;105;360;EUR
2026-09-07;TLS;BIA;J60;2026-11-06;146;normal;95;360;EUR
2026-09-07;TLS;BIA;J30;2026-10-07;158;normal;115;245;EUR
2026-09-07;TLS;BIA;J7;2026-09-14;203;normal;125;250;EUR
2026-09-07;BIA;TLS;J120;2027-01-05;67;bas;120;260;EUR
2026-09-07;BIA;TLS;J90;2026-12-06;92;bas;110;370;EUR
2026-09-07;BIA;TLS;J60;2026-11-06;150;normal;105;370;EUR
2026-09-07;BIA;TLS;J30;2026-10-07;234;;;;EUR
2026-09-07;BIA;TLS;J7;2026-09-14;149;normal;135;295;EUR
2026-09-07;LYS;BIA;J120;2027-01-05;208;normal;90;220;EUR
2026-09-07;LYS;BIA;J90;2026-12-06;150;normal;50;310;EUR
2026-09-07;LYS;BIA;J60;2026-11-06;105;normal;30;245;EUR
2026-09-07;LYS;BIA;J30;2026-10-07;93;normal;40;175;EUR
2026-09-07;LYS;BIA;J7;2026-09-14;66;normal;45;180;EUR
2026-09-07;BIA;LYS;J120;2027-01-05;163;normal;115;240;EUR
2026-09-07;BIA;LYS;J90;2026-12-06;163;normal;45;290;EUR
2026-09-07;BIA;LYS;J60;2026-11-06;114;normal;45;285;EUR
2026-09-07;BIA;LYS;J30;2026-10-07;114;normal;50;205;EUR
2026-09-07;BIA;LYS;J7;2026-09-14;93;normal;70;215;EUR
2026-09-07;NCE;BIA;J120;2027-01-05;123;normal;80;240;EUR
2026-09-07;NCE;BIA;J90;2026-12-06;78;bas;115;265;EUR
2026-09-07;NCE;BIA;J60;2026-11-06;78;normal;75;255;EUR
2026-09-07;NCE;BIA;J30;2026-10-07;149;normal;75;225;EUR
2026-09-07;NCE;BIA;J7;2026-09-14;260;élevé;115;205;EUR
2026-09-07;BIA;NCE;J120;2027-01-05;131;normal;80;245;EUR
2026-09-07;BIA;NCE;J90;2026-12-06;131;normal;80;265;EUR
2026-09-07;BIA;NCE;J60;2026-11-06;131;normal;80;250;EUR
2026-09-07;BIA;NCE;J30;2026-10-07;157;normal;125;235;EUR
2026-09-07;BIA;NCE;J7;2026-09-14;262;élevé;130;235;EUR
2026-09-07;MRS;BIA;J120;2027-01-05;76;bas;80;220;EUR
2026-09-07;MRS;BIA;J90;2026-12-06;122;normal;75;245;EUR
2026-09-07;MRS;BIA;J60;2026-11-06;122;normal;75;240;EUR
2026-09-07;MRS;BIA;J30;2026-10-07;148;normal;75;220;EUR
2026-09-07;MRS;BIA;J7;2026-09-14;233;élevé;75;210;EUR
2026-09-07;BIA;MRS;J120;2027-01-05;80;normal;80;230;EUR
2026-09-07;BIA;MRS;J90;2026-12-06;131;normal;80;250;EUR
2026-09-07;BIA;MRS;J60;2026-11-06;80;normal;80;250;EUR
2026-09-07;BIA;MRS;J30;2026-10-07;157;normal;80;250;EUR
2026-09-07;BIA;MRS;J7;2026-09-14;247;élevé;75;245;EUR
2026-09-07;CDG;BIA;J120;2027-01-05;195;normal;175;455;EUR
2026-09-07;CDG;BIA;J90;2026-12-06;219;;;;EUR
2026-09-07;CDG;BIA;J60;2026-11-06;223;normal;175;370;EUR
2026-09-07;CDG;BIA;J30;2026-10-07;148;normal;140;355;EUR
2026-09-07;CDG;BIA;J7;2026-09-14;162;normal;140;270;EUR
2026-09-07;BIA;CDG;J120;2027-01-05;193;normal;170;455;EUR
2026-09-07;BIA;CDG;J90;2026-12-06;217;;;;EUR
2026-09-07;BIA;CDG;J60;2026-11-06;193;normal;170;385;EUR
2026-09-07;BIA;CDG;J30;2026-10-07;189;;;;EUR
2026-09-07;BIA;CDG;J7;2026-09-14;281;normal;140;320;EUR
2026-09-07;ORY;BIA;J120;2027-01-05;81;bas;85;260;EUR
2026-09-07;ORY;BIA;J90;2026-12-06;80;;;;EUR
2026-09-07;ORY;BIA;J60;2026-11-06;81;bas;105;255;EUR
2026-09-07;ORY;BIA;J30;2026-10-07;154;normal;115;280;EUR
2026-09-07;ORY;BIA;J7;2026-09-14;281;élevé;110;280;EUR
2026-09-07;BIA;ORY;J120;2027-01-05;81;bas;110;260;EUR
2026-09-07;BIA;ORY;J90;2026-12-06;81;bas;110;270;EUR
2026-09-07;BIA;ORY;J60;2026-11-06;81;bas;120;255;EUR
2026-09-07;BIA;ORY;J30;2026-10-07;155;normal;115;280;EUR
2026-09-07;BIA;ORY;J7;2026-09-14;282;normal;125;285;EUR
2026-09-07;TLS;AJA;J120;2027-01-05;134;normal;110;225;EUR
2026-09-07;TLS;AJA;J90;2026-12-06;134;normal;95;390;EUR
2026-09-07;TLS;AJA;J60;2026-11-06;134;normal;95;360;EUR
2026-09-07;TLS;AJA;J30;2026-10-07;325;élevé;115;255;EUR
2026-09-07;TLS;AJA;J7;2026-09-14;233;normal;100;290;EUR
2026-09-07;AJA;TLS;J120;2027-01-05;178;;;;EUR
2026-09-07;AJA;TLS;J90;2026-12-06;79;bas;110;370;EUR
2026-09-07;AJA;TLS;J60;2026-11-06;114;bas;120;370;EUR
2026-09-07;AJA;TLS;J30;2026-10-07;234;;;;EUR
2026-09-07;AJA;TLS;J7;2026-09-14;198;normal;115;340;EUR
2026-09-07;LYS;AJA;J120;2027-01-05;203;;;;EUR
2026-09-07;LYS;AJA;J90;2026-12-06;154;normal;100;365;EUR
2026-09-07;LYS;AJA;J60;2026-11-06;141;normal;90;285;EUR
2026-09-07;LYS;AJA;J30;2026-10-07;201;;;;EUR
2026-09-07;LYS;AJA;J7;2026-09-14;84;normal;70;235;EUR
2026-09-07;AJA;LYS;J120;2027-01-05;190;;;;EUR
2026-09-07;AJA;LYS;J90;2026-12-06;163;normal;105;315;EUR
2026-09-07;AJA;LYS;J60;2026-11-06;102;bas;115;290;EUR
2026-09-07;AJA;LYS;J30;2026-10-07;126;normal;80;230;EUR
2026-09-07;AJA;LYS;J7;2026-09-14;103;bas;105;275;EUR
2026-09-07;NCE;AJA;J120;2027-01-05;123;normal;80;235;EUR
2026-09-07;NCE;AJA;J90;2026-12-06;123;normal;105;255;EUR
2026-09-07;NCE;AJA;J60;2026-11-06;78;normal;75;240;EUR
2026-09-07;NCE;AJA;J30;2026-10-07;149;normal;75;225;EUR
2026-09-07;NCE;AJA;J7;2026-09-14;260;élevé;120;225;EUR
2026-09-07;AJA;NCE;J120;2027-01-05;131;normal;80;245;EUR
2026-09-07;AJA;NCE;J90;2026-12-06;131;normal;80;265;EUR
2026-09-07;AJA;NCE;J60;2026-11-06;79;bas;80;245;EUR
2026-09-07;AJA;NCE;J30;2026-10-07;157;normal;130;235;EUR
2026-09-07;AJA;NCE;J7;2026-09-14;268;élevé;135;240;EUR
2026-09-07;MRS;AJA;J120;2027-01-05;76;bas;80;220;EUR
2026-09-07;MRS;AJA;J90;2026-12-06;122;normal;75;245;EUR
2026-09-07;MRS;AJA;J60;2026-11-06;135;normal;75;235;EUR
2026-09-07;MRS;AJA;J30;2026-10-07;148;normal;75;240;EUR
2026-09-07;MRS;AJA;J7;2026-09-14;233;normal;75;235;EUR
2026-09-07;AJA;MRS;J120;2027-01-05;79;bas;80;230;EUR
2026-09-07;AJA;MRS;J90;2026-12-06;131;normal;80;250;EUR
2026-09-07;AJA;MRS;J60;2026-11-06;131;normal;80;245;EUR
2026-09-07;AJA;MRS;J30;2026-10-07;157;normal;80;250;EUR
2026-09-07;AJA;MRS;J7;2026-09-14;268;élevé;125;250;EUR
2026-09-07;CDG;AJA;J120;2027-01-05;191;;;;EUR
2026-09-07;CDG;AJA;J90;2026-12-06;219;;;;EUR
2026-09-07;CDG;AJA;J60;2026-11-06;223;normal;175;355;EUR
2026-09-07;CDG;AJA;J30;2026-10-07;219;;;;EUR
2026-09-07;CDG;AJA;J7;2026-09-14;274;normal;60;290;EUR
2026-09-07;AJA;CDG;J120;2027-01-05;193;normal;170;355;EUR
2026-09-07;AJA;CDG;J90;2026-12-06;217;;;;EUR
2026-09-07;AJA;CDG;J60;2026-11-06;193;normal;170;350;EUR
2026-09-07;AJA;CDG;J30;2026-10-07;189;;;;EUR
2026-09-07;AJA;CDG;J7;2026-09-14;436;;;;EUR
2026-09-07;ORY;AJA;J120;2027-01-05;81;bas;85;260;EUR
2026-09-07;ORY;AJA;J90;2026-12-06;80;;;;EUR
2026-09-07;ORY;AJA;J60;2026-11-06;115;normal;105;255;EUR
2026-09-07;ORY;AJA;J30;2026-10-07;154;normal;120;280;EUR
2026-09-07;ORY;AJA;J7;2026-09-14;281;élevé;120;280;EUR
2026-09-07;AJA;ORY;J120;2027-01-05;116;normal;110;260;EUR
2026-09-07;AJA;ORY;J90;2026-12-06;81;bas;110;280;EUR
2026-09-07;AJA;ORY;J60;2026-11-06;81;bas;120;255;EUR
2026-09-07;AJA;ORY;J30;2026-10-07;155;normal;125;280;EUR
2026-09-07;AJA;ORY;J7;2026-09-14;282;normal;135;285;EUR
2026-08-07;LYS;CLY;J90;2026-11-05;257;;;;EUR
2026-08-07;LYS;CLY;J7;2026-08-14;65;bas;70;260;EUR
2026-08-07;CLY;LYS;J90;2026-11-05;237;;;;EUR
2026-08-07;CLY;LYS;J7;2026-08-14;180;normal;120;335;EUR
2026-08-07;NCE;CLY;J90;2026-11-05;157;normal;75;240;EUR
2026-08-07;NCE;CLY;J7;2026-08-14;251;élevé;145;245;EUR
2026-08-07;CLY;NCE;J90;2026-11-05;129;normal;80;255;EUR
2026-08-07;CLY;NCE;J7;2026-08-14;261;normal;165;280;EUR
2026-08-07;MRS;CLY;J90;2026-11-05;131;normal;75;255;EUR
2026-08-07;MRS;CLY;J7;2026-08-14;247;normal;150;270;EUR
2026-08-07;CLY;MRS;J90;2026-11-05;129;normal;80;265;EUR
2026-08-07;CLY;MRS;J7;2026-08-14;261;élevé;165;250;EUR
2026-08-07;CDG;CLY;J90;2026-11-05;252;;;;EUR
2026-08-07;CDG;CLY;J7;2026-08-14;156;normal;75;345;EUR
2026-08-07;CLY;CDG;J90;2026-11-05;222;normal;170;455;EUR
2026-08-07;CLY;CDG;J7;2026-08-14;439;normal;130;445;EUR
2026-08-07;ORY;CLY;J90;2026-11-05;115;normal;105;255;EUR
2026-08-07;ORY;CLY;J7;2026-08-14;281;normal;120;295;EUR
2026-08-07;CLY;ORY;J90;2026-11-05;93;bas;110;260;EUR
2026-08-07;CLY;ORY;J7;2026-08-14;284;normal;170;450;EUR
2026-08-07;TLS;FSC;J90;2026-11-05;166;normal;105;390;EUR
2026-08-07;TLS;FSC;J7;2026-08-14;130;normal;120;325;EUR
2026-08-07;FSC;TLS;J90;2026-11-05;266;;;;EUR
2026-08-07;FSC;TLS;J7;2026-08-14;359;normal;170;420;EUR
2026-08-07;LYS;FSC;J90;2026-11-05;229;;;;EUR
2026-08-07;LYS;FSC;J7;2026-08-14;59;normal;40;210;EUR
2026-08-07;FSC;LYS;J90;2026-11-05;209;normal;145;345;EUR
2026-08-07;FSC;LYS;J7;2026-08-14;178;normal;105;285;EUR
2026-08-07;NCE;FSC;J90;2026-11-05;132;normal;75;245;EUR
2026-08-07;NCE;FSC;J7;2026-08-14;251;normal;145;300;EUR
2026-08-07;FSC;NCE;J90;2026-11-05;127;normal;80;250;EUR
2026-08-07;FSC;NCE;J7;2026-08-14;484;élevé;170;315;EUR
2026-08-07;MRS;FSC;J90;2026-11-05;118;normal;75;260;EUR
2026-08-07;MRS;FSC;J7;2026-08-14;242;normal;150;280;EUR
2026-08-07;FSC;MRS;J90;2026-11-05;80;normal;80;265;EUR
2026-08-07;FSC;MRS;J7;2026-08-14;418;élevé;170;305;EUR
2026-08-07;CDG;FSC;J90;2026-11-05;219;;;;EUR
2026-08-07;CDG;FSC;J7;2026-08-14;87;normal;45;200;EUR
2026-08-07;FSC;CDG;J90;2026-11-05;193;normal;175;465;EUR
2026-08-07;FSC;CDG;J7;2026-08-14;244;normal;95;335;EUR
2026-08-07;ORY;FSC;J90;2026-11-05;154;normal;105;255;EUR
2026-08-07;ORY;FSC;J7;2026-08-14;281;normal;135;310;EUR
2026-08-07;FSC;ORY;J90;2026-11-05;155;normal;120;325;EUR
2026-08-07;FSC;ORY;J7;2026-08-14;308;normal;175;435;EUR
2026-08-07;TLS;BIA;J90;2026-11-05;163;;;;EUR
2026-08-07;TLS;BIA;J7;2026-08-14;142;normal;115;235;EUR
2026-08-07;BIA;TLS;J90;2026-11-05;181;normal;105;370;EUR
2026-08-07;BIA;TLS;J7;2026-08-14;185;normal;145;295;EUR
2026-08-07;LYS;BIA;J90;2026-11-05;215;normal;30;245;EUR
2026-08-07;LYS;BIA;J7;2026-08-14;69;normal;45;165;EUR
2026-08-07;BIA;LYS;J90;2026-11-05;209;normal;45;285;EUR
2026-08-07;BIA;LYS;J7;2026-08-14;138;normal;95;210;EUR
2026-08-07;NCE;BIA;J90;2026-11-05;119;normal;75;255;EUR
2026-08-07;NCE;BIA;J7;2026-08-14;228;élevé;130;225;EUR
2026-08-07;BIA;NCE;J90;2026-11-05;127;normal;80;250;EUR
2026-08-07;BIA;NCE;J7;2026-08-14;237;normal;140;240;EUR
2026-08-07;MRS;BIA;J90;2026-11-05;118;normal;75;240;EUR
2026-08-07;MRS;BIA;J7;2026-08-14;247;élevé;120;210;EUR
2026-08-07;BIA;MRS;J90;2026-11-05;80;normal;80;250;EUR
2026-08-07;BIA;MRS;J7;2026-08-14;234;normal;160;240;EUR
2026-08-07;CDG;BIA;J90;2026-11-05;219;;;;EUR
2026-08-07;CDG;BIA;J7;2026-08-14;172;bas;180;290;EUR
2026-08-07;BIA;CDG;J90;2026-11-05;193;normal;170;385;EUR
2026-08-07;BIA;CDG;J7;2026-08-14;207;normal;195;325;EUR
2026-08-07;ORY;BIA;J90;2026-11-05;90;bas;105;255;EUR
2026-08-07;ORY;BIA;J7;2026-08-14;281;élevé;120;280;EUR
2026-08-07;BIA;ORY;J90;2026-11-05;116;bas;120;255;EUR
2026-08-07;BIA;ORY;J7;2026-08-14;282;normal;150;330;EUR
2026-08-07;TLS;AJA;J90;2026-11-05;163;;;;EUR
2026-08-07;TLS;AJA;J7;2026-08-14;134;normal;110;225;EUR
2026-08-07;AJA;TLS;J90;2026-11-05;178;;;;EUR
2026-08-07;AJA;TLS;J7;2026-08-14;295;normal;145;340;EUR
2026-08-07;LYS;AJA;J90;2026-11-05;215;normal;90;285;EUR
2026-08-07;LYS;AJA;J7;2026-08-14;76;normal;50;185;EUR
2026-08-07;AJA;LYS;J90;2026-11-05;190;;;;EUR
2026-08-07;AJA;LYS;J7;2026-08-14;235;normal;95;245;EUR
2026-08-07;NCE;AJA;J90;2026-11-05;119;normal;75;240;EUR
2026-08-07;NCE;AJA;J7;2026-08-14;266;élevé;140;250;EUR
2026-08-07;AJA;NCE;J90;2026-11-05;127;normal;80;245;EUR
2026-08-07;AJA;NCE;J7;2026-08-14;315;élevé;160;290;EUR
2026-08-07;MRS;AJA;J90;2026-11-05;118;normal;75;235;EUR
2026-08-07;MRS;AJA;J7;2026-08-14;250;élevé;140;230;EUR
2026-08-07;AJA;MRS;J90;2026-11-05;79;bas;80;245;EUR
2026-08-07;AJA;MRS;J7;2026-08-14;259;élevé;160;240;EUR
2026-08-07;CDG;AJA;J90;2026-11-05;219;;;;EUR
2026-08-07;CDG;AJA;J7;2026-08-14;107;normal;50;195;EUR
2026-08-07;AJA;CDG;J90;2026-11-05;193;normal;170;350;EUR
2026-08-07;AJA;CDG;J7;2026-08-14;199;normal;100;305;EUR
2026-08-07;ORY;AJA;J90;2026-11-05;90;bas;105;255;EUR
2026-08-07;ORY;AJA;J7;2026-08-14;281;normal;120;290;EUR
2026-08-07;AJA;ORY;J90;2026-11-05;91;bas;120;255;EUR
2026-08-07;AJA;ORY;J7;2026-08-14;341;normal;170;375;EUR
2026-08-07;LYS;CLY;J90;2026-11-05;257;;;;EUR
2026-08-07;LYS;CLY;J7;2026-08-14;65;low;70;260;EUR
2026-08-07;CLY;LYS;J90;2026-11-05;237;;;;EUR
2026-08-07;CLY;LYS;J7;2026-08-14;180;typical;120;335;EUR
2026-08-07;NCE;CLY;J90;2026-11-05;157;typical;75;240;EUR
2026-08-07;NCE;CLY;J7;2026-08-14;251;high;145;245;EUR
2026-08-07;CLY;NCE;J90;2026-11-05;129;typical;80;255;EUR
2026-08-07;CLY;NCE;J7;2026-08-14;261;typical;165;280;EUR
2026-08-07;MRS;CLY;J90;2026-11-05;131;typical;75;255;EUR
2026-08-07;MRS;CLY;J7;2026-08-14;247;typical;150;270;EUR
2026-08-07;CLY;MRS;J90;2026-11-05;129;typical;80;265;EUR
2026-08-07;CLY;MRS;J7;2026-08-14;261;high;165;250;EUR
2026-08-07;CDG;CLY;J90;2026-11-05;252;;;;EUR
2026-08-07;CDG;CLY;J7;2026-08-14;156;typical;75;345;EUR
2026-08-07;CLY;CDG;J90;2026-11-05;222;typical;170;455;EUR
2026-08-07;CLY;CDG;J7;2026-08-14;439;typical;130;445;EUR
2026-08-07;ORY;CLY;J90;2026-11-05;115;typical;105;255;EUR
2026-08-07;ORY;CLY;J7;2026-08-14;281;typical;120;295;EUR
2026-08-07;CLY;ORY;J90;2026-11-05;93;low;110;260;EUR
2026-08-07;CLY;ORY;J7;2026-08-14;284;typical;170;450;EUR
2026-08-07;TLS;FSC;J90;2026-11-05;166;typical;105;390;EUR
2026-08-07;TLS;FSC;J7;2026-08-14;130;typical;120;325;EUR
2026-08-07;FSC;TLS;J90;2026-11-05;266;;;;EUR
2026-08-07;FSC;TLS;J7;2026-08-14;359;typical;170;420;EUR
2026-08-07;LYS;FSC;J90;2026-11-05;229;;;;EUR
2026-08-07;LYS;FSC;J7;2026-08-14;59;typical;40;210;EUR
2026-08-07;FSC;LYS;J90;2026-11-05;209;typical;145;345;EUR
2026-08-07;FSC;LYS;J7;2026-08-14;178;typical;105;285;EUR
2026-08-07;NCE;FSC;J90;2026-11-05;132;typical;75;245;EUR
2026-08-07;NCE;FSC;J7;2026-08-14;251;typical;145;300;EUR
2026-08-07;FSC;NCE;J90;2026-11-05;127;typical;80;250;EUR
2026-08-07;FSC;NCE;J7;2026-08-14;484;high;170;315;EUR
2026-08-07;MRS;FSC;J90;2026-11-05;118;typical;75;260;EUR
2026-08-07;MRS;FSC;J7;2026-08-14;242;typical;150;280;EUR
2026-08-07;FSC;MRS;J90;2026-11-05;80;typical;80;265;EUR
2026-08-07;FSC;MRS;J7;2026-08-14;418;high;170;305;EUR
2026-08-07;CDG;FSC;J90;2026-11-05;219;;;;EUR
2026-08-07;CDG;FSC;J7;2026-08-14;87;typical;45;200;EUR
2026-08-07;FSC;CDG;J90;2026-11-05;193;typical;175;465;EUR
2026-08-07;FSC;CDG;J7;2026-08-14;244;typical;95;335;EUR
2026-08-07;ORY;FSC;J90;2026-11-05;154;typical;105;255;EUR
2026-08-07;ORY;FSC;J7;2026-08-14;281;typical;135;310;EUR
2026-08-07;FSC;ORY;J90;2026-11-05;155;typical;120;325;EUR
2026-08-07;FSC;ORY;J7;2026-08-14;308;typical;175;435;EUR
2026-08-07;TLS;BIA;J90;2026-11-05;163;;;;EUR
2026-08-07;TLS;BIA;J7;2026-08-14;142;typical;115;235;EUR
2026-08-07;BIA;TLS;J90;2026-11-05;181;typical;105;370;EUR
2026-08-07;BIA;TLS;J7;2026-08-14;185;typical;145;295;EUR
2026-08-07;LYS;BIA;J90;2026-11-05;215;typical;30;245;EUR
2026-08-07;LYS;BIA;J7;2026-08-14;69;typical;45;165;EUR
2026-08-07;BIA;LYS;J90;2026-11-05;209;typical;45;285;EUR
2026-08-07;BIA;LYS;J7;2026-08-14;138;typical;95;210;EUR
2026-08-07;NCE;BIA;J90;2026-11-05;119;typical;75;255;EUR
2026-08-07;NCE;BIA;J7;2026-08-14;228;high;130;225;EUR
2026-08-07;BIA;NCE;J90;2026-11-05;127;typical;80;250;EUR
2026-08-07;BIA;NCE;J7;2026-08-14;237;typical;140;240;EUR
2026-08-07;MRS;BIA;J90;2026-11-05;118;typical;75;240;EUR
2026-08-07;MRS;BIA;J7;2026-08-14;247;high;120;210;EUR
2026-08-07;BIA;MRS;J90;2026-11-05;80;typical;80;250;EUR
2026-08-07;BIA;MRS;J7;2026-08-14;234;typical;160;240;EUR
2026-08-07;CDG;BIA;J90;2026-11-05;219;;;;EUR
2026-08-07;CDG;BIA;J7;2026-08-14;172;low;180;290;EUR
2026-08-07;BIA;CDG;J90;2026-11-05;193;typical;170;385;EUR
2026-08-07;BIA;CDG;J7;2026-08-14;207;typical;195;325;EUR
2026-08-07;ORY;BIA;J90;2026-11-05;90;low;105;255;EUR
2026-08-07;ORY;BIA;J7;2026-08-14;281;high;120;280;EUR
2026-08-07;BIA;ORY;J90;2026-11-05;116;low;120;255;EUR
2026-08-07;BIA;ORY;J7;2026-08-14;282;typical;150;330;EUR
2026-08-07;TLS;AJA;J90;2026-11-05;163;;;;EUR
2026-08-07;TLS;AJA;J7;2026-08-14;134;typical;110;225;EUR
2026-08-07;AJA;TLS;J90;2026-11-05;178;;;;EUR
2026-08-07;AJA;TLS;J7;2026-08-14;295;typical;145;340;EUR
2026-08-07;LYS;AJA;J90;2026-11-05;215;typical;90;285;EUR
2026-08-07;LYS;AJA;J7;2026-08-14;76;typical;50;185;EUR
2026-08-07;AJA;LYS;J90;2026-11-05;190;;;;EUR
2026-08-07;AJA;LYS;J7;2026-08-14;235;typical;95;245;EUR
2026-08-07;NCE;AJA;J90;2026-11-05;119;typical;75;240;EUR
2026-08-07;NCE;AJA;J7;2026-08-14;266;high;140;250;EUR
2026-08-07;AJA;NCE;J90;2026-11-05;127;typical;80;245;EUR
2026-08-07;AJA;NCE;J7;2026-08-14;315;high;160;290;EUR
2026-08-07;MRS;AJA;J90;2026-11-05;118;typical;75;235;EUR
2026-08-07;MRS;AJA;J7;2026-08-14;250;high;140;230;EUR
2026-08-07;AJA;MRS;J90;2026-11-05;79;low;80;245;EUR
2026-08-07;AJA;MRS;J7;2026-08-14;259;high;160;240;EUR
2026-08-07;CDG;AJA;J90;2026-11-05;219;;;;EUR
2026-08-07;CDG;AJA;J7;2026-08-14;107;typical;50;195;EUR
2026-08-07;AJA;CDG;J90;2026-11-05;193;typical;170;350;EUR
2026-08-07;AJA;CDG;J7;2026-08-14;199;typical;100;305;EUR
2026-08-07;ORY;AJA;J90;2026-11-05;90;low;105;255;EUR
2026-08-07;ORY;AJA;J7;2026-08-14;281;typical;120;290;EUR
2026-08-07;AJA;ORY;J90;2026-11-05;91;low;120;255;EUR
2026-08-07;AJA;ORY;J7;2026-08-14;341;typical;170;375;EUR
