Date Interrogation;Date Vol;Liaison;Prix Min Light (€);Prix Max Light (€);Moyenne Light (€)
Dimanche 2 août 2026;Dimanche 9 août 2026;NCE-CLY;247,26;247,26;247,26
Dimanche 2 août 2026;Dimanche 9 août 2026;MRS-CLY;246,94;246,94;246,94
Dimanche 2 août 2026;Dimanche 9 août 2026;ORY-CLY;293,05;391,05;325,72
Dimanche 2 août 2026;Dimanche 9 août 2026;NCE-FSC;247,26;303,26;275,26
Dimanche 2 août 2026;Dimanche 9 août 2026;MRS-FSC;302,94;302,94;302,94
Dimanche 2 août 2026;Dimanche 9 août 2026;CDG-FSC;290,49;323,49;306,99
Dimanche 2 août 2026;Dimanche 9 août 2026;ORY-FSC;391,05;391,12;391,10
Dimanche 2 août 2026;Dimanche 9 août 2026;LYS-BIA;169,12;169,12;169,12
Dimanche 2 août 2026;Dimanche 9 août 2026;NCE-BIA;247,26;303,26;272,26
Dimanche 2 août 2026;Dimanche 9 août 2026;MRS-BIA;246,94;302,94;265,61
Dimanche 2 août 2026;Dimanche 9 août 2026;ORY-BIA;293,05;391,12;325,78
Dimanche 2 août 2026;Dimanche 9 août 2026;TLS-AJA;202,22;202,22;202,22
Dimanche 2 août 2026;Dimanche 9 août 2026;LYS-AJA;211,12;211,12;211,12
Dimanche 2 août 2026;Dimanche 9 août 2026;NCE-AJA;247,26;303,26;284,59
Dimanche 2 août 2026;Dimanche 9 août 2026;MRS-AJA;246,94;265,94;256,44
Dimanche 2 août 2026;Dimanche 9 août 2026;ORY-AJA;293,05;391,12;344,52
Dimanche 2 août 2026;Dimanche 9 août 2026;CLY-NCE;257,20;257,20;257,20
Dimanche 2 août 2026;Dimanche 9 août 2026;CLY-MRS;257,20;257,20;257,20
Dimanche 2 août 2026;Dimanche 9 août 2026;CLY-ORY;296,18;296,18;296,18
Dimanche 2 août 2026;Dimanche 9 août 2026;FSC-NCE;274,84;311,84;287,17
Dimanche 2 août 2026;Dimanche 9 août 2026;FSC-MRS;255,84;311,84;283,84
Dimanche 2 août 2026;Dimanche 9 août 2026;FSC-CDG;290,22;290,22;290,22
Dimanche 2 août 2026;Dimanche 9 août 2026;FSC-ORY;294,73;359,73;338,06
Dimanche 2 août 2026;Dimanche 9 août 2026;BIA-LYS;164,38;164,38;164,38
Dimanche 2 août 2026;Dimanche 9 août 2026;BIA-NCE;255,87;311,87;293,20
Dimanche 2 août 2026;Dimanche 9 août 2026;BIA-MRS;255,87;311,87;274,54
Dimanche 2 août 2026;Dimanche 9 août 2026;BIA-CDG;290,25;290,25;290,25
Dimanche 2 août 2026;Dimanche 9 août 2026;BIA-ORY;294,76;327,76;305,76
Dimanche 2 août 2026;Dimanche 9 août 2026;AJA-TLS;248,05;248,05;248,05
Dimanche 2 août 2026;Dimanche 9 août 2026;AJA-LYS;164,05;164,05;164,05
Dimanche 2 août 2026;Dimanche 9 août 2026;AJA-MRS;255,56;255,56;255,56
Dimanche 2 août 2026;Dimanche 9 août 2026;AJA-ORY;294,43;392,43;322,57
Dimanche 2 août 2026;Dimanche 9 août 2026;AJA-ORY;294,43;392,43;322,57
Dimanche 2 août 2026;Dimanche 9 août 2026;AJA-ORY;294,43;392,43;322,57
Dimanche 2 août 2026;Dimanche 9 août 2026;AJA-ORY;294,43;392,43;322,57
Dimanche 2 août 2026;Dimanche 9 août 2026;AJA-ORY;294,43;392,43;322,57
Dimanche 2 août 2026;Dimanche 9 août 2026;AJA-ORY;294,43;392,43;322,57
Dimanche 2 août 2026;Dimanche 9 août 2026;AJA-MRS;255,56;255,56;255,56
Dimanche 2 août 2026;Dimanche 9 août 2026;AJA-ORY;294,43;392,43;322,57
Dimanche 2 août 2026;Dimanche 9 août 2026;BIA-CDG;290,25;290,25;290,25
Dimanche 2 août 2026;Dimanche 9 août 2026;BIA-ORY;294,76;327,76;305,76
Dimanche 2 août 2026;Dimanche 9 août 2026;AJA-TLS;248,05;248,05;248,05
Dimanche 2 août 2026;Dimanche 9 août 2026;AJA-LYS;164,05;164,05;164,05
Dimanche 2 août 2026;Dimanche 9 août 2026;AJA-NCE;255,56;311,56;292,89
Dimanche 2 août 2026;Dimanche 9 août 2026;AJA-MRS;255,56;255,56;255,56
Dimanche 2 août 2026;Dimanche 9 août 2026;AJA-ORY;294,43;392,43;322,57
Dimanche 2 août 2026;Dimanche 9 août 2026;AJA-LYS;164,05;164,05;164,05
Dimanche 2 août 2026;Dimanche 9 août 2026;AJA-NCE;255,56;311,56;292,89
Dimanche 2 août 2026;Dimanche 9 août 2026;AJA-MRS;255,56;255,56;255,56
Dimanche 2 août 2026;Dimanche 9 août 2026;AJA-ORY;294,43;392,43;322,57
Dimanche 2 août 2026;Dimanche 9 août 2026;AJA-ORY;294,43;392,43;322,57
Dimanche 2 août 2026;Dimanche 9 août 2026;AJA-ORY;294,43;392,43;322,57
Dimanche 2 août 2026;Dimanche 9 août 2026;AJA-ORY;294,43;392,43;322,57
Samedi 1 août 2026;Samedi 8 août 2026;NCE-AJA;247,26;303,26;280,01
Samedi 1 août 2026;Samedi 8 août 2026;MRS-AJA;246,94;246,94;246,94
Samedi 1 août 2026;Samedi 8 août 2026;CDG-AJA;290,49;290,49;290,49
Samedi 1 août 2026;Samedi 8 août 2026;ORY-AJA;293,05;326,12;305,45
Samedi 1 août 2026;Samedi 8 août 2026;CLY-NCE;313,20;313,20;313,20
Samedi 1 août 2026;Samedi 8 août 2026;CLY-MRS;257,20;313,20;285,20
Samedi 1 août 2026;Samedi 8 août 2026;FSC-NCE;311,84;311,84;311,84
Samedi 1 août 2026;Samedi 8 août 2026;FSC-ORY;294,73;327,73;307,93
Samedi 1 août 2026;Samedi 8 août 2026;BIA-LYS;178,38;178,38;178,38
Samedi 1 août 2026;Samedi 8 août 2026;BIA-MRS;255,87;255,87;255,87
Samedi 1 août 2026;Samedi 8 août 2026;BIA-ORY;294,76;359,76;318,19
Samedi 1 août 2026;Samedi 8 août 2026;AJA-TLS;206,05;206,05;206,05
Samedi 1 août 2026;Samedi 8 août 2026;AJA-MRS;255,56;311,56;280,56
Samedi 1 août 2026;Samedi 8 août 2026;AJA-CDG;289,92;289,92;289,92
Samedi 1 août 2026;Samedi 8 août 2026;AJA-ORY;294,43;392,43;314,93
