Date de capture,Départ,Arrivée,Date vol,Horaire,Prix
2026-07-30 08:21:42,ORY,AJA,06/08/2026,Inconnu,€ 332
2026-07-30 08:21:42,ORY,AJA,06/08/2026,Inconnu,€ 51
2026-07-30 08:21:42,ORY,AJA,06/08/2026,Inconnu,€ 59
2026-07-30 08:21:42,ORY,AJA,06/08/2026,Inconnu,€ 78
2026-07-30 08:21:42,ORY,AJA,06/08/2026,Inconnu,€ 81
2026-07-30 08:21:42,ORY,AJA,06/08/2026,Inconnu,€ 102
2026-07-30 08:21:42,ORY,AJA,06/08/2026,Inconnu,€ 111
2026-07-30 08:21:42,ORY,BIA,06/08/2026,Inconnu,€ 332
2026-07-30 08:21:42,ORY,BIA,06/08/2026,Inconnu,€ 51
2026-07-30 08:21:42,ORY,BIA,06/08/2026,Inconnu,€ 59
2026-07-30 08:21:42,ORY,BIA,06/08/2026,Inconnu,€ 78
2026-07-30 08:21:42,ORY,BIA,06/08/2026,Inconnu,€ 81
2026-07-30 08:21:42,ORY,BIA,06/08/2026,Inconnu,€ 102
2026-07-30 08:21:42,ORY,BIA,06/08/2026,Inconnu,€ 111
2026-07-30 08:21:42,ORY,CLY,06/08/2026,Inconnu,€ 332
2026-07-30 08:21:42,ORY,CLY,06/08/2026,Inconnu,€ 51
2026-07-30 08:21:42,ORY,CLY,06/08/2026,Inconnu,€ 59
2026-07-30 08:21:42,ORY,CLY,06/08/2026,Inconnu,€ 78
2026-07-30 08:21:42,ORY,CLY,06/08/2026,Inconnu,€ 81
2026-07-30 08:21:42,ORY,CLY,06/08/2026,Inconnu,€ 102
2026-07-30 08:21:42,ORY,CLY,06/08/2026,Inconnu,€ 111
2026-07-29 18:38:04,ORY,CLY,05/08/2026,Inconnu,€ 332
2026-07-29 18:38:04,ORY,CLY,05/08/2026,Inconnu,€ 51
2026-07-29 18:38:04,ORY,CLY,05/08/2026,Inconnu,€ 59
2026-07-29 18:38:04,ORY,CLY,05/08/2026,Inconnu,€ 78
2026-07-29 18:38:04,ORY,CLY,05/08/2026,Inconnu,€ 81
2026-07-29 18:38:04,ORY,CLY,05/08/2026,Inconnu,€ 102
2026-07-29 18:38:04,ORY,CLY,05/08/2026,Inconnu,€ 111
2026-07-29,ORY,AJA,05/08/2026,Inconnu,€ 332
2026-07-29,ORY,AJA,05/08/2026,Inconnu,€ 51
2026-07-29,ORY,AJA,05/08/2026,Inconnu,€ 59
2026-07-29,ORY,AJA,05/08/2026,Inconnu,€ 78
2026-07-29,ORY,AJA,05/08/2026,Inconnu,€ 81
2026-07-29,ORY,AJA,05/08/2026,Inconnu,€ 102
2026-07-29,ORY,AJA,05/08/2026,Inconnu,€ 111
2026-07-29,ORY,BIA,05/08/2026,Inconnu,€ 332
2026-07-29,ORY,BIA,05/08/2026,Inconnu,€ 51
2026-07-29,ORY,BIA,05/08/2026,Inconnu,€ 59
2026-07-29,ORY,BIA,05/08/2026,Inconnu,€ 78
2026-07-29,ORY,BIA,05/08/2026,Inconnu,€ 81
2026-07-29,ORY,BIA,05/08/2026,Inconnu,€ 102
2026-07-29,ORY,BIA,05/08/2026,Inconnu,€ 111
2026-07-29,ORY,FSC,05/08/2026,Inconnu,€ 332
2026-07-29,ORY,FSC,05/08/2026,Inconnu,€ 51
2026-07-29,ORY,FSC,05/08/2026,Inconnu,€ 59
2026-07-29,ORY,FSC,05/08/2026,Inconnu,€ 78
2026-07-29,ORY,FSC,05/08/2026,Inconnu,€ 81
2026-07-29,ORY,FSC,05/08/2026,Inconnu,€ 102
2026-07-29,ORY,FSC,05/08/2026,Inconnu,€ 111
2026-07-29,ORY,CLY,05/08/2026,Inconnu,€ 332
2026-07-29,ORY,CLY,05/08/2026,Inconnu,€ 51
2026-07-29,ORY,CLY,05/08/2026,Inconnu,€ 59
2026-07-29,ORY,CLY,05/08/2026,Inconnu,€ 78
2026-07-29,ORY,CLY,05/08/2026,Inconnu,€ 81
2026-07-29,ORY,CLY,05/08/2026,Inconnu,€ 102
2026-07-29,ORY,CLY,05/08/2026,Inconnu,€ 111
2026-07-29,ORY,AJA,05/08/2026,Inconnu,89 € TTC
2026-07-29,ORY,BIA,05/08/2026,Inconnu,89 € TTC
2026-07-29,ORY,FSC,05/08/2026,Inconnu,89 € TTC
2026-07-29,ORY,CLY,05/08/2026,Inconnu,89 € TTC
